sample_id,head_sha,reviewer,reviewed_at,label,drift_type,document_path,document_lines,code_path,code_lines,target_entity,evidence,reason,questions
candidate-01,97978fc406e9a2b05717d9ed6e55a747a94be41c,,,,,case01.md,,case01.py,,,,,
candidate-02,97978fc406e9a2b05717d9ed6e55a747a94be41c,,,,,case02.md,,case02.py,,,,,
candidate-03,97978fc406e9a2b05717d9ed6e55a747a94be41c,,,,,case03.md,,case03.py,,,,,
candidate-04,97978fc406e9a2b05717d9ed6e55a747a94be41c,,,,,case04.md,,case04.py,,,,,
candidate-05,c41084643fa443a73111d1ce3940c5508ca4de31,,,,,case05.md,,case05.py,,,,,
candidate-06,c41084643fa443a73111d1ce3940c5508ca4de31,,,,,case06.md,,case06.py,,,,,
candidate-07,c41084643fa443a73111d1ce3940c5508ca4de31,,,,,case07.md,,case07.py,,,,,
candidate-08,c41084643fa443a73111d1ce3940c5508ca4de31,,,,,case08.md,,case08.py,,,,,
candidate-09,16d3ac74221f2247c645ca1999d485bb9763d833,,,,,case09.md,,case09.py,,,,,
candidate-10,16d3ac74221f2247c645ca1999d485bb9763d833,,,,,case10.md,,case10.py,,,,,
candidate-11,16d3ac74221f2247c645ca1999d485bb9763d833,,,,,case11.md,,case11.py,,,,,
candidate-12,16d3ac74221f2247c645ca1999d485bb9763d833,,,,,case12.md,,case12.py,,,,,
candidate-13,9638d576f474294bbcb2ec37e34e998306f13cab,,,,,case13.md,,case13.py,,,,,
candidate-14,9638d576f474294bbcb2ec37e34e998306f13cab,,,,,case14.md,,case14.py,,,,,
candidate-15,9638d576f474294bbcb2ec37e34e998306f13cab,,,,,case15.md,,case15.py,,,,,
candidate-16,9638d576f474294bbcb2ec37e34e998306f13cab,,,,,case16.md,,case16.py,,,,,
candidate-17,8a8b003a0089b42edd4e692e76b5adaa5f52151d,,,,,case17.md,,case17.py,,,,,
candidate-18,8a8b003a0089b42edd4e692e76b5adaa5f52151d,,,,,case18.md,,case18.py,,,,,
candidate-19,8a8b003a0089b42edd4e692e76b5adaa5f52151d,,,,,case19.md,,case19.py,,,,,
candidate-20,8a8b003a0089b42edd4e692e76b5adaa5f52151d,,,,,case20.md,,case20.py,,,,,
candidate-21,05e0224c9d9b66564f45b228f7374f4e083f0f76,,,,,case21.md,,case21.py,,,,,
candidate-22,05e0224c9d9b66564f45b228f7374f4e083f0f76,,,,,case22.md,,case22.py,,,,,
candidate-23,05e0224c9d9b66564f45b228f7374f4e083f0f76,,,,,case23.md,,case23.py,,,,,
candidate-24,05e0224c9d9b66564f45b228f7374f4e083f0f76,,,,,case24.md,,case24.py,,,,,
