date,tool,model,stage,files,task_summary,human_reviewer,human_changes,validation,rights_review,commit
2026-09-17,Codex,GPT-6,framework,src;tests;docs;bench;action;scripts;configuration,Implement first framework and deterministic default-value loop from local project plan,pending,pending,see docs/verification.md,C audited 2026-09-29; human_reviewer pending A,85e9d71
2026-09-18,Codex,GPT-6,core extensions,src;tests;docs;bench;action;compliance;schemas,Implement signature and config checks; HTTP provider; benchmark and controlled seeds; no live model validation,pending,pending,see docs/verification.md,C audited 2026-09-29; human_reviewer pending A,85e9d71
2026-09-19,Codex,GPT-6,release verification,docs;compliance;packaging,Verify 98 passing tests and one platform skip; rebuild and reinstall final wheel; prepare independent Git repository,pending,pending,see docs/verification.md,C audited 2026-09-29; human_reviewer pending A,85e9d71
2026-09-20,Codex,GPT-6,member A contract review,tests;docs;bench/annotations,Archive actual v1 report; add contract compatibility tests; prepare annotation and adjudication templates; document evidence gates,pending,pending,22 targeted tests passed; see docs/a-contract-review.md,C audited 2026-09-29; human_reviewer pending A,1be73fe
2026-09-30,Codex,GPT-6,A acceptance and license,docs;bench evidence;LICENSE;pyproject;compliance,Audit C inputs; rerun development baselines; verify remote CI; implement user-confirmed Apache-2.0,pending,pending,39 targeted tests; build and wheel license verified,team license confirmed by user; AI human review pending,uncommitted
2026-10-07,Codex,GPT-6,A development adjudication,bench;tests;docs,Review B/C annotations; freeze development version; implement and validate retrieval metrics; no live model calls,pending,pending,40 targeted tests; reproducible seed; see docs/a-acceptance-20261007.md,team license confirmed; human AI review pending,uncommitted
2026-10-07,Codex,GPT-6,live smoke verification,docs;examples;provider tests,Verify user-run DeepSeek single-case and five-case trials; reconcile calls and usage; preserve timeout and explanation limitations,pending,pending,5 samples completed; 4 live calls succeeded; 4772 tokens,no API key archived; human review pending,uncommitted
2026-10-07,Codex,GPT-6,A experiment readiness,bench/run_suite.py;tests/unit/test_suite.py;docs,Implement bounded seven-method suite and raw-metric reconciliation; define independent test collection and cost reconciliation,pending,pending,Offline rules and keyword each completed 20 samples; see docs/verification.md,human review and live full suite pending,uncommitted
2026-10-07,Codex,GPT-6,A annotation handoff tooling,bench/annotation_packet.py;tests;docs,Prepare fixed Git blob packets without labels; check two-reviewer structure and declared dev overlap,pending,pending,5 targeted tests passed; no real test samples collected,no human review or labels invented,uncommitted
2026-10-07,Codex,GPT-6,A controlled candidate collection,bench/candidates;bench/annotations;bench/builders/build_candidates.py;docs,Author 24 unlabelled controlled candidates in six synthetic groups; freeze Git snapshots and prepare separate B/C packets,pending,pending,Rebuild hashes match; 24 syntax checks; 5 packet tests pass; no model or target scan,Author saw development results; human independence review pending,uncommitted
