name,version,source,license_metadata,license_files,usage,review_status
annotated-types,0.8.0,"Homepage, https://github.com/annotated-types/annotated-types",MIT,annotated_types-0.8.0.dist-info/licenses/LICENSE,locked runtime/build/development dependency,"reviewed (C, 2026-09-29)"
build,1.3.0,"changelog, https://build.pypa.io/en/stable/changelog.html",MIT,build-1.3.0.dist-info/licenses/LICENSE,locked runtime/build/development dependency,"reviewed (C, 2026-09-29)"
colorama,0.4.6,"Homepage, https://github.com/tartley/colorama",BSD-3-Clause,colorama-0.4.6.dist-info/licenses/LICENSE.txt,locked runtime/build/development dependency,"reviewed (C, 2026-09-29)"
hatchling,1.27.0,"Homepage, https://hatch.pypa.io/latest/",MIT,hatchling-1.27.0.dist-info/licenses/LICENSE.txt;hatchling/licenses/__init__.py;hatchling/licenses/__pycache__/__init__.cpython-312.pyc;hatchling/licenses/__pycache__/supported.cpython-312.pyc;hatchling/licenses/supported.py,locked runtime/build/development dependency,"reviewed (C, 2026-09-29)"
iniconfig,2.3.0,"Homepage, https://github.com/pytest-dev/iniconfig",MIT,iniconfig-2.3.0.dist-info/licenses/LICENSE,locked runtime/build/development dependency,"reviewed (C, 2026-09-29)"
markdown-it-py,3.0.0,"Documentation, https://markdown-it-py.readthedocs.io",MIT,markdown_it_py-3.0.0.dist-info/LICENSE;markdown_it_py-3.0.0.dist-info/LICENSE.markdown-it,locked runtime/build/development dependency,"reviewed (C, 2026-09-29)"
mdurl,0.1.2,"Homepage, https://github.com/executablebooks/mdurl",MIT,mdurl-0.1.2.dist-info/LICENSE,locked runtime/build/development dependency,"reviewed (C, 2026-09-29)"
mypy,1.17.1,"Homepage, https://www.mypy-lang.org/",MIT,mypy-1.17.1.dist-info/licenses/LICENSE;mypy/typeshed/LICENSE,locked runtime/build/development dependency,"reviewed (C, 2026-09-29)"
mypy_extensions,1.1.0,"Homepage, https://github.com/python/mypy_extensions",MIT,mypy_extensions-1.1.0.dist-info/licenses/LICENSE,locked runtime/build/development dependency,"reviewed (C, 2026-09-29)"
packaging,26.3,"Documentation, https://packaging.pypa.io/",Apache-2.0 OR BSD-2-Clause,packaging-26.3.dist-info/licenses/LICENSE;packaging-26.3.dist-info/licenses/LICENSE.APACHE;packaging-26.3.dist-info/licenses/LICENSE.BSD;packaging/licenses/__init__.py;packaging/licenses/__pycache__/__init__.cpython-312.pyc;packaging/licenses/__pycache__/_spdx.cpython-312.pyc;packaging/licenses/_spdx.py,locked runtime/build/development dependency,"reviewed (C, 2026-09-29)"
pathspec,1.1.1,"Change Log, https://python-path-specification.readthedocs.io/en/latest/changes.html",MPL-2.0,pathspec-1.1.1.dist-info/licenses/LICENSE,locked runtime/build/development dependency,"reviewed (C, 2026-09-29)"
pluggy,1.6.0,https://pypi.org/project/pluggy/1.6.0/,MIT,pluggy-1.6.0.dist-info/licenses/LICENSE,locked runtime/build/development dependency,"reviewed (C, 2026-09-29)"
pydantic,2.11.7,"Homepage, https://github.com/pydantic/pydantic",MIT,pydantic-2.11.7.dist-info/licenses/LICENSE,locked runtime/build/development dependency,"reviewed (C, 2026-09-29)"
pydantic_core,2.33.2,https://github.com/pydantic/pydantic-core,MIT,pydantic_core-2.33.2.dist-info/licenses/LICENSE,locked runtime/build/development dependency,"reviewed (C, 2026-09-29)"
Pygments,2.21.0,"Homepage, https://pygments.org",BSD-2-Clause,pygments-2.21.0.dist-info/licenses/AUTHORS;pygments-2.21.0.dist-info/licenses/LICENSE,locked runtime/build/development dependency,"reviewed (C, 2026-09-29)"
pyproject_hooks,1.3.3,"Changelog, https://pyproject-hooks.readthedocs.io/en/latest/changelog.html",MIT,pyproject_hooks-1.3.3.dist-info/licenses/LICENSE,locked runtime/build/development dependency,"reviewed (C, 2026-09-29)"
pytest,8.4.1,"Changelog, https://docs.pytest.org/en/stable/changelog.html",MIT,pytest-8.4.1.dist-info/licenses/AUTHORS;pytest-8.4.1.dist-info/licenses/LICENSE,locked runtime/build/development dependency,"reviewed (C, 2026-09-29)"
ruff,0.12.7,https://docs.astral.sh/ruff,MIT,ruff-0.12.7.dist-info/licenses/LICENSE,locked runtime/build/development dependency,"reviewed (C, 2026-09-29)"
trove-classifiers,2026.6.1.19,https://github.com/pypa/trove-classifiers,Apache-2.0,trove_classifiers-2026.6.1.19.dist-info/licenses/LICENSE,locked runtime/build/development dependency,"reviewed (C, 2026-09-29)"
typing-inspection,0.4.4,"Homepage, https://github.com/pydantic/typing-inspection",MIT,typing_inspection-0.4.4.dist-info/licenses/LICENSE,locked runtime/build/development dependency,"reviewed (C, 2026-09-29)"
typing_extensions,4.16.0,"Bug Tracker, https://github.com/python/typing_extensions/issues",PSF-2.0,typing_extensions-4.16.0.dist-info/licenses/LICENSE,locked runtime/build/development dependency,"reviewed (C, 2026-09-29)"
