sample_id,head_sha,reviewer,reviewed_at,label,drift_type,document_path,document_lines,code_path,code_lines,target_entity,evidence,reason,questions
seed-01-default_drift,e8701dddd7d559d0794afbcdd8b6ace8d8a1f2b0,,,,DEFAULT_VALUE,README.md,3,client.py,1,connect,文档[3]: `timeout` 默认值为 `30`。 || 代码[1]: def connect(timeout=60):,,
seed-02-default_equal,6f3876f25a59976d116eb80d1a0220e2f3132be6,,,,DEFAULT_VALUE,README.md,3,client.py,1,connect,文档[3]: `timeout` 默认值为 `60`。 || 代码[1]: def connect(timeout=60):,,
seed-03-typed_bool,8b42acebdad4fd16b1d02561228f27dc2c2ccc65,,,,DEFAULT_VALUE,README.md,3,client.py,1,connect,文档[3]: `timeout` 默认值为 `1`。 || 代码[1]: def connect(timeout=True):,,
seed-04-factory_unknown,a12996cb00b0bcc90c9458caf4a6db09838a0278,,,,DEFAULT_VALUE,README.md,3,client.py,1,connect,文档[3]: `timeout` 默认值为 `30`。 || 代码[1]: def connect(timeout=factory()):,,
seed-05-historical,8e407ba6cea6e8f58f3ccced86d81d7761f1c453,,,,DEFAULT_VALUE,README.md,3,client.py,1,connect,文档[3]: `timeout` 默认值为 `30`。 || 代码[1]: def connect(timeout=60):,,
seed-06-ambiguous,6d9ed71fa83b3bf747a080dfaf33d411e968d2f7,,,,DEFAULT_VALUE,README.md,3,client.py,1,connect,文档[3]: `timeout` 默认值为 `30`。 || 代码[1]: def connect(timeout=60):,,
seed-07-table_drift,c131e00fcf344e565a4a30648c2c53392d9b7428,,,,DEFAULT_VALUE,README.md,,client.py,1,connect,文档[0]:  || 代码[1]: def connect(timeout=60):,,
seed-08-table_equal,af9fbfe9d2715b403d7b37758863a238e9be56bb,,,,DEFAULT_VALUE,README.md,,client.py,1,connect,文档[0]:  || 代码[1]: def connect(timeout=60):,,
seed-09-linked_owner,5ec21f193f947e5c54490f1a3ebac57b9cc3c290,,,,DEFAULT_VALUE,README.md,3,client.py,1,connect,文档[3]: `timeout` 默认值为 `30`。 || 代码[1]: def connect(timeout=60):,,
seed-10-constant_drift,ab57f9585b67276cead2e786f4aa4b4f94ac5c26,,,,CONFIG,README.md,3,settings.py,1,TIMEOUT/CONFIG,文档[3]: `TIMEOUT` 默认值为 `30`。 || 代码[1]: TIMEOUT = 60,,
seed-11-constant_equal,dcce728ee423df7f969e31a1b124a21bc2f5e3fe,,,,CONFIG,README.md,3,settings.py,1,TIMEOUT/CONFIG,文档[3]: `TIMEOUT` 默认值为 `60`。 || 代码[1]: TIMEOUT = 60,,
seed-12-dict_drift,2e4da1b56480b3a17927d6f8505911961e208a26,,,,CONFIG,README.md,3,settings.py,1,TIMEOUT/CONFIG,文档[3]: `timeout` 默认值为 `30`。 || 代码[1]: CONFIG = {'timeout': 60},,
seed-13-dict_dynamic,2524e5f3c443b08ba170875da8d20b2299808f42,,,,CONFIG,README.md,3,settings.py,1,TIMEOUT/CONFIG,文档[3]: `timeout` 默认值为 `30`。 || 代码[1]: CONFIG = {'timeout': env()},,
seed-14-missing_required,59f09b9d8efff70eaebce74ae46589a697b14959,,,,SIGNATURE,README.md,2,client.py,1,connect,文档[2]: connect() || 代码[1]: def connect(host): pass,,
seed-15-unexpected_keyword,a95d8228d35c88cae04b359c7c5e09cafa57fe3e,,,,SIGNATURE,README.md,2,client.py,1,connect,文档[2]: connect(host='local') || 代码[1]: def connect(timeout=60):,,
seed-16-kwargs_legal,4c5a8deb8d27ed524c548021d10ac812a46a0da2,,,,SIGNATURE,README.md,2,client.py,1,connect,文档[2]: connect(host='local') || 代码[1]: def connect(**kwargs): pass,,
seed-17-positional_only,42d6aa0bc5153528895ec510881d91d44f2c5b93,,,,SIGNATURE,README.md,2,client.py,1,connect,"文档[2]: connect(host='local') || 代码[1]: def connect(host, /): pass",,
seed-18-keyword_only,ca392b5052c1ddfac069dad57a143a8132f53a26,,,,SIGNATURE,README.md,2,client.py,1,connect,"文档[2]: connect() || 代码[1]: def connect(*, host): pass",,
seed-19-optional_added,8782f5c711d1427f3f2ef9580bdda56d2ebbab3c,,,,SIGNATURE,README.md,2,client.py,1,connect,"文档[2]: connect(timeout=30) || 代码[1]: def connect(timeout=60, retries=3): pass",,
seed-20-import_alias,4fe77671790bed8a501719efabff9ebab4836e36,,,,SIGNATURE,README.md,,client.py,1,connect,文档[0]:  || 代码[1]: def connect(host): pass,,
