sample_id,head_matches,missing_fields,status
seed-01-default_drift,true,reviewer;reviewed_at;label;reason,NOT_READY
seed-02-default_equal,true,reviewer;reviewed_at;label;reason,NOT_READY
seed-03-typed_bool,true,reviewer;reviewed_at;label;reason,NOT_READY
seed-04-factory_unknown,true,reviewer;reviewed_at;label;reason,NOT_READY
seed-05-historical,true,reviewer;reviewed_at;label;reason,NOT_READY
seed-06-ambiguous,true,reviewer;reviewed_at;label;reason,NOT_READY
seed-07-table_drift,true,reviewer;reviewed_at;label;reason;document_lines,NOT_READY
seed-08-table_equal,true,reviewer;reviewed_at;label;reason;document_lines,NOT_READY
seed-09-linked_owner,true,reviewer;reviewed_at;label;reason,NOT_READY
seed-10-constant_drift,true,reviewer;reviewed_at;label;reason,NOT_READY
seed-11-constant_equal,true,reviewer;reviewed_at;label;reason,NOT_READY
seed-12-dict_drift,true,reviewer;reviewed_at;label;reason,NOT_READY
seed-13-dict_dynamic,true,reviewer;reviewed_at;label;reason,NOT_READY
seed-14-missing_required,true,reviewer;reviewed_at;label;reason,NOT_READY
seed-15-unexpected_keyword,true,reviewer;reviewed_at;label;reason,NOT_READY
seed-16-kwargs_legal,true,reviewer;reviewed_at;label;reason,NOT_READY
seed-17-positional_only,true,reviewer;reviewed_at;label;reason,NOT_READY
seed-18-keyword_only,true,reviewer;reviewed_at;label;reason,NOT_READY
seed-19-optional_added,true,reviewer;reviewed_at;label;reason,NOT_READY
seed-20-import_alias,true,reviewer;reviewed_at;label;reason;document_lines,NOT_READY
